product_category,Key_Issues,Recommended_Actions
Checking or savings account,"Persistent failures in securing accounts against unauthorized transactions and identity compromise, compounded by inconsistent and inadequate handling of subsequent fraud dispute investigations, including the reversal of provisional credits without clear justification.
Significant operational friction surrounding customer access to their own funds, characterized by unexpected account restrictions, freezes, or closures implemented without timely, clear communication or adequate justification.
Pervasive inconsistencies in funds availability protocols, manifesting as extended, unjustified holds on deposits beyond cleared status, and systemic failures in transaction posting accuracy that lead to erroneous fee assessments.
Widespread customer dissatisfaction stemming from poor service interactions, including contradictory information from representatives, unfulfilled follow-up commitments, and difficult or blocked escalation paths for complex issues.","Standardize and rigorously audit fraud and dispute investigation protocols to mandate comprehensive review of customer-provided evidence, adherence to regulatory timelines, and consistent, documented justifications for all claim outcomes.
Implement mandatory, proactive, and transparent written notification procedures detailing the specific operational or regulatory basis for any account restriction, fund hold, or closure, along with explicit next steps and contact ownership.
Enhance controls and auditing over transaction posting logic, fee assessment, and deposit hold management to ensure policies are applied consistently and fairly, minimizing erroneous overdrafts and delays in releasing cleared funds.
Strengthen customer support competencies through comprehensive, centralized training focusing on policy accuracy, escalation procedures, and cross-departmental coordination to ensure consistent, high-quality resolution across all support channels."
Mortgage,"Customers experience systemic errors in payment processing, resulting in funds being misapplied, held in suspense accounts, or incorrectly posted during servicing transfers.
Servicers demonstrate significant inconsistencies in loss mitigation processing, including dual tracking (initiating foreclosure while actively reviewing a request), prolonged delays, and providing contradictory information to borrowers.
Pervasive errors exist in escrow account management, leading to inaccurate calculations, failure to apply property tax exemptions, and untimely disbursement of funds for taxes and insurance premiums.
Widespread communication failures include non-responsive customer service, a lack of consistent information from representatives, and insufficient provision of clear written documentation regarding account status changes or modification decisions.","Implement rigorous controls to prevent dual tracking and ensure the consistent and timely processing of all loss mitigation applications, forbearance requests, and servicing modifications.
Conduct a thorough review and audit of payment processing systems and escrow management procedures to ensure accuracy and timely disbursement of customer funds.
Standardize communication protocols to ensure customers receive consistent, accurate information and timely written documentation regarding account changes and fee assessments.
Establish strict quality assurance measures to verify account balances and ensure accurate credit reporting, particularly during periods of forbearance or after payment disputes."
Prepaid card,"Customers report frequent inability to access funds due to unexpected account holds, incorrect balance reporting, and system failures during activation or verification processes.
The investigation process for unauthorized transactions and potential fraud is perceived as inadequate, often resulting in claim denials without providing sufficient justification.
Customers face Significant difficulty navigating dispute resolution processes, including prolonged investigation periods and failures to provide timely provisional credit.
Technical instability prevents basic online tasks such as account creation, balance checking, or profile updates, while customer service representatives often provide conflicting information and exhibit unprofessional behavior.","Standardize and expedite the investigation process for unauthorized transactions, ensuring timely provisional credit issuance and clear communication of denial reasons.
Conduct a comprehensive review of online account portals and card activation processes to address Technical failures and ensure consistent system reliability and functionality.
Implement clear internal guidelines and communication protocols to minimize unexpected account holds, ensure accurate balance reporting, and prevent unanticipated account closures.
Strengthen customer support through investments in training to improve representative knowledge, professionalism, and consistency in communication across all channels."
Student loan,"Customers consistently report inaccuracies in reported loan information impacting their credit profiles.
Payment processing difficulties, particularly with automated debit withdrawals, frequently result in customer frustration.
Conflicting information and inconsistent behavior from customer service representatives contribute to negative experiences.
Complexities surrounding loan histories and interest calculations create confusion and potential for increased debt.","Data integrity must be prioritized through enhanced verification and validation processes.
Representative training should focus on standardized procedures and effective communication techniques.
Streamlined and transparent processes are needed for accessing and receiving assistance during financial hardship.
Improved communication protocols will ensure timely and accurate updates regarding account activity and dispute resolutions."
Credit card,"The dispute resolution and fraud investigation process consistently fails to conduct thorough, evidence-based reviews, leading to improper denial of valid claims and prolonged customer financial harm. | Systemic failures in payment processing and allocation lead to misapplication of funds, particularly for promotional balances, causing unexpected interest charges and customer financial detriment. | Inconsistent customer service delivery and inadequate internal communication processes result in conflicting information, unaddressed escalations, and a lack of transparency regarding critical account changes. | Ambiguous promotional offer disclosures and complex payment allocation rules create customer confusion, leading to unexpected interest charges, forfeited rewards, and unfulfilled product benefits.","Implement a standardized, evidence-based dispute investigation protocol, ensuring all submitted documentation is thoroughly reviewed and provisional credits are issued promptly per regulatory requirements. | Enhance payment processing systems to allow explicit customer allocation of funds to specific balances online, prioritizing promotional terms and providing real-time payment application visibility. | Establish mandatory cross-departmental training and a unified CRM system to ensure consistent information delivery, effective escalation paths, and proactive communication for all account changes. | Revise all promotional offer disclosures to be clear, concise, and prominently display all conditions, including deferred interest triggers and reward forfeiture policies, before customer acceptance."
Debt collection,"Collectors consistently fail to provide proper debt validation documents, such as original contracts, itemized statements, or proof of ownership, hindering consumer verification. | This lack of validation leads to the persistent reporting of unverified and potentially inaccurate debt information to credit bureaus, damaging consumer credit. | Consumers are unable to effectively challenge or dispute alleged debts without the necessary validation documents, leaving them vulnerable to erroneous collection efforts. | The absence of clear proof of debt ownership by collectors raises serious questions about their legal right to pursue collection and report the alleged obligation.","Mandate comprehensive debt validation, requiring collectors and furnishers to provide original contracts, itemized statements, and clear proof of ownership upon request. | Prohibit reporting any debt to credit bureaus until comprehensive validation is provided and verified, ensuring accuracy and fairness for consumers. | Strengthen dispute resolution processes, requiring collectors to cease collection and reporting activities until complete debt validation is furnished. | Implement strict penalties for collectors and furnishers who fail to provide proper validation or report unverified debts, ensuring accountability and compliance."
Vehicle loan or lease,"Companies consistently fail to provide clear, accurate, and timely account information, including payment history, balances, and refund calculations, restricting customer access. | Customers struggle with unclear or incorrect refund calculations and balance details, making it difficult to verify financial obligations and entitlements accurately. | Significant delays and errors plague critical financial transactions like loan payoffs, refunds, and title transfers, causing customer frustration and financial harm. | Processing failures lead to adverse credit impacts for customers and prolonged disputes, stemming from company errors in handling financial transactions.","Implement robust systems to ensure clear, accurate, and timely provision of all account information, including payment history and balances, with easy customer access. | Standardize and clarify refund calculation methodologies, ensuring customers receive transparent, verifiable details for all financial adjustments and entitlements. | Streamline and automate critical financial transaction processes, such as payoffs, refunds, and title transfers, to eliminate delays and reduce errors significantly. | Establish rapid dispute resolution mechanisms and proactive credit reporting corrections to mitigate adverse credit impacts caused by processing errors."
"Payday loan, title loan, personal loan, or advance loan","Deceptive loan application practices, including undisclosed terms and alleged forged signatures, result in unauthorized withdrawals from consumer accounts. | Consumers are denied access to critical loan agreements, disclosures, and repayment schedules, hindering their understanding of terms. | The combination of deceptive practices and unauthorized financial actions directly leads to significant financial hardship for consumers. | Without access to essential loan documents, consumers cannot effectively manage their accounts or understand their repayment obligations.","Implement stringent regulations to prevent deceptive loan application practices, undisclosed terms, and the use of forged signatures. | Mandate lenders to provide immediate and clear access to all loan agreements, disclosures, and repayment schedules for consumers. | Establish robust mechanisms to prevent and penalize unauthorized withdrawals, ensuring consumer consent for all financial transactions. | Develop platforms or requirements that enable consumers to easily view and manage their loan details and repayment progress."
Debt or credit management,"Poor fraud investigation and denial of valid claims cause customer financial distress despite clear evidence of unauthorized activity. | Customers suffer financial hardship due to unaddressed unauthorized transactions and the rejection of their legitimate fraud claims. | Systemic failures in payment processing and automatic withdrawal management result in missed payments and adverse credit impacts for customers. | Ineffective customer communication and systemic processing errors lead to late payments, credit damage, and significant customer dissatisfaction.","Implement robust fraud investigation protocols, ensuring thorough review of evidence and fair resolution of legitimate claims. | Establish a clear, transparent process for handling unauthorized transactions, prioritizing customer protection and timely financial remediation. | Overhaul payment processing and automatic withdrawal systems to enhance reliability, prevent errors, and safeguard customer credit scores. | Improve customer communication channels and proactive alerts regarding payment statuses to prevent late payments and credit damage."
Credit reporting or other personal consumer reports,"Widespread inaccuracies in credit reports due to bureaus failing to verify information, leading to incorrect financial entries like late payments and balances. | Credit reporting agencies conduct superficial investigations into consumer disputes, often relying on automated processes and delaying proper verification or correction of errors. | Bureaus fail to promptly block or delete fraudulent accounts and unauthorized inquiries, even when consumers provide clear evidence of identity theft. | Systemic lack of accountability from credit bureaus in maintaining accurate consumer data and protecting individuals from the consequences of reporting errors and fraud.","Implement rigorous data verification protocols for all reported credit information, ensuring accuracy and preventing common errors like incorrect late payments and balances. | Mandate comprehensive, human-led investigations for all consumer disputes, moving beyond automated systems to thoroughly verify and correct disputed credit report information. | Establish expedited procedures for blocking and deleting fraudulent accounts and inquiries upon submission of legally sufficient evidence of identity theft. | Increase regulatory oversight and impose significant penalties on credit bureaus for non-compliance with accuracy, dispute resolution, and fraud protection standards."
"Money transfer, virtual currency, or money service","Financial institutions consistently fail to conduct timely and thorough fraud investigations, often misclassifying scam-induced transactions and denying legitimate consumer claims. | Customers experience prolonged and unexplained holds on various fund transfers, including international wires and P2P, lacking clear justifications or resolution timelines. | Banks consistently fail to provide clear justifications, timelines, or effective communication regarding fund holds and the status of fraud investigation processes. | Institutions frequently deny legitimate fraud claims by misclassifying scam-induced transactions, indicating a failure to comply with consumer protection regulations like Regulation E.","Implement robust, timely, and transparent fraud investigation protocols, ensuring proper classification of scam-induced transactions and adherence to Regulation E. | Establish clear policies for fund holds, providing customers with immediate justifications, estimated timelines, and proactive communication for all affected transactions. | Develop and implement effective communication channels to provide customers with timely updates, clear explanations, and dedicated support for all inquiries. | Conduct mandatory staff training on Regulation E and consumer protection laws, ensuring consistent compliance and fair handling of all fraud and fund hold claims."
